ankle_time,ankle_position,ankle_velocity,ankle_acceleration,ankle_torque,ankle_torqueFirstDerivative,ankle_torqueSecondDerivative,knee_time,knee_position,knee_velocity,knee_acceleration,knee_torque,knee_torqueFirstDerivative,knee_torqueSecondDerivative
0,-0.153754721866173,-3.94146662564803,-13.3888726129371,-0.00957957372157155,-0.260586725633583,-227.204923052545,0,0.508791389151872,5.91652607127114,-32.4405322628445,-0.307141955129102,18.6169058829184,526.572383162253
0.00220953177257525,-0.162430835162827,-3.94146662564803,-13.3888726129371,-0.00960073767182696,-0.260586725633583,-227.204923052545,0.00220953177257525,0.521943329326086,5.91652607127114,-32.4405322628445,-0.26729268133183,18.6169058829184,526.572383162253
0.0044190635451505,-0.171172313346001,-3.97095937742623,-13.3070564922818,-0.0107311230211691,-0.763134224070548,-227.685569742891,0.0044190635451505,0.534936893827359,5.84464978335569,-32.6196662892471,-0.224872665018399,19.7798208079903,526.062332940041
0.00662859531772575,-0.179978756986885,-3.99898777084987,-12.0633806035112,-0.0129730763014738,-1.2748858236288,-235.536191455674,0.00662859531772575,0.547771208117885,5.76949408674606,-35.4089518482942,-0.179884396269631,20.9322813600749,517.109407234962
0.008838127090301,-0.188844094421667,-4.02363515333074,-10.2466696856936,-0.0163649244885962,-1.80881501335878,-247.76004022302,0.008838127090301,0.56043265482006,5.68665247344065,-39.5767209839833,-0.132371583543259,22.0580902876502,501.938104594305
0.0110476588628763,-0.197759456411955,-4.04292816774308,-7.21677180159895,-0.0209663447869285,-2.37970494565261,-268.991915444445,0.0110476588628763,0.572900886757206,5.59138864986841,-46.6531533764064,-0.0824082936038372,23.1369541334494,474.616167392295
0.0132571906354515,-0.206710050903402,-4.05527668422391,-3.96072438477859,-0.026880991862144,-3.00156402352004,-293.895738479303,0.0132571906354515,0.585141356569462,5.47957046193383,-54.5612209289975,-0.0301279129863132,24.1471363171204,439.769582755685
0.0154667224080268,-0.215679981772708,-4.05982672071337,-0.15782828409283,-0.0342304469417012,-3.68511832405446,-324.836527803267,0.0154667224080268,0.597115456828622,5.348475867682,-64.1015617283992,0.0242994362149294,25.0681115419774,393.86878016634
0.017676254180602,-0.224650683164534,-4.05654652529496,3.12695998802519,-0.0431657639075392,-4.43679485084759,-355.557876226541,0.017676254180602,0.608776611298453,5.19702136091658,-72.9903856654128,0.0806496648746054,25.8821994527554,343.018483354816
0.0198857859531773,-0.233606118641846,-4.04622011758815,6.22018571494118,-0.0538369253243932,-5.25812394223952,-387.883880607445,0.0198857859531773,0.620081424468017,5.02581612095221,-81.9793161414418,0.138674520284915,26.5758244830668,284.829496855898
0.0220953177257525,-0.242531186981823,-4.03025288124469,8.23286405936233,-0.0664017477365729,-6.14617044911904,-415.948422599935,0.0220953177257525,0.630986012103182,4.8368342062976,-89.0812832129013,0.198089922030044,27.1394906898163,225.383765289276
0.0243048494983278,-0.251416062227092,-4.01048745388537,9.65819105434639,-0.0809972430983765,-7.09410324874063,-442.091105400836,0.0243048494983278,0.641455702183003,4.63308789892278,-95.3435889737739,0.258605654226233,27.5678456606762,162.349940264678
0.026514381270903,-0.260253785887571,-3.98893686359671,9.84873847357812,-0.0977510407886163,-8.09235581726428,-461.496325125383,0.026514381270903,0.65145992193879,4.41812022014346,-99.2385224468599,0.319913983807473,27.8589299368342,101.130567027358
0.0287239130434783,-0.269043427704919,-3.96761130179432,9.45450221033389,-0.116757877684836,-9.12927723444808,-477.092954335618,0.0287239130434783,0.660979656185931,4.19571102290101,-102.079421927599,0.381716035916999,28.0137192245735,38.9799212313519
0.0309334448160535,-0.277786912352658,-3.94831502354701,8.01189359968703,-0.138093897008938,-10.1922360335453,-485.064560021678,0.0309334448160535,0.670001035566078,3.96947918098178,-102.698662485782,0.443708389196868,28.0353013824938,-19.4444176571269
0.0331429765886288,-0.286491282690246,-3.93255878896016,6.25016389360098,-0.161798016384245,-11.268101555554,-488.775721763239,0.0331429765886288,0.678521036927842,3.74273559172258,-102.542639833177,0.505605814233685,27.9285335978775,-77.1984873614274
0.035352508361204,-0.295165139536113,-3.9214553402204,3.80033538191492,-0.187888353816141,-12.343849593176,-484.958216779036,0.035352508361204,0.686540421978596,3.51830067881582,-100.608919870516,0.56712635388876,27.6994179057203,-130.189969325234
0.0375620401337793,-0.303820443028149,-3.91571308574281,1.39737623179826,-0.21634627212827,-13.4067940153401,-477.186284021889,0.0375620401337793,0.694068631198475,3.29849879726257,-98.348962773598,0.628011302122743,27.3549908953835,-181.574735407077
0.0397715719063545,-0.312468924486587,-3.91559922641223,-1.2943142781296,-0.247133828506672,-14.444982270516,-462.549698109673,0.0397715719063545,0.701116697767302,3.08508842161504,-94.8235258924542,0.688009796932473,26.9029122858047,-227.632876078744
0.0419811036789298,-0.321123724827007,-3.92098152820728,-3.57757927129569,-0.280179566690253,-15.4471045701821,-444.540493671615,0.0419811036789298,0.707701832976,2.87936607758374,-91.3899937180977,0.746896981063324,26.3515305314467,-271.460878717364
0.044190635451505,-0.329795991019097,-3.93132396689775,-5.78407718356175,-0.315395565190891,-16.402844567795,-420.565869111291,0.044190635451505,0.713840799433895,2.68213123654351,-87.1409000108833,0.804458884862909,25.7095506711299,-309.639486785483
0.0464001672240803,-0.338496495253301,-3.94574601838936,-7.27031892933883,-0.352664779156566,-17.3027711629752,-394.019923544052,0.0464001672240803,0.719554341346719,2.49380154350791,-83.3293284539541,0.860509119196313,24.9861139047607,-345.193157260219
0.0486096989966555,-0.347232493407384,-3.96302959329437,-8.37423990391835,-0.391857610467277,-18.138539761498,-362.492029708956,0.0486096989966555,0.724861066923651,2.31440897687185,-79.0512888901285,0.914874109954415,24.190539853478,-374.935931768792
0.0508192307692308,-0.356009374857381,-3.98168412052254,-8.51126268059306,-0.432820138978864,-18.9028729555954,-329.358799126727,0.0508192307692308,0.729781861684982,2.14368944721298,-75.4787629315397,0.967408652000329,23.3323189242195,-401.899178647669
0.053028762541806,-0.36482780855269,-3.99995966092008,-8.03119271594915,-0.47539060724396,-19.5897526689648,-292.383528270351,0.053028762541806,0.734334166811954,1.98107387414044,-71.7158373823622,1.01798110993626,22.4208306553507,-423.151884371327
0.0552382943143813,-0.373685450777026,-4.01591379242005,-6.40999495827418,-0.519388500856801,-20.1943082424262,-254.841527250566,0.0552382943143813,0.738536353022446,1.82578794397426,-68.8441962805518,1.06648772740138,21.4653888693441,-441.68454646488
0.0574478260869565,-0.38257438679324,-4.02743358377222,-4.01736480651016,-0.564630538617597,-20.7130531310197,-214.710343450919,0.0574478260869565,0.742402439756346,1.6768258815074,-65.9916674221458,1.11283802737126,20.4748695365187,-454.902997665282
0.0596573578595318,-0.391482935707588,-4.03230705652494,-0.393952390382765,-0.610920798856856,-21.14372128174,-175.117181154725,0.0596573578595318,0.745946353146981,1.53305246889181,-64.1475904967228,1.15696747696192,19.4577744871366,-465.74006527348
0.061866889632107,-0.400393407909583,-4.028251072506,4.06530400371412,-0.658065986542557,-21.4853892501836,-134.150123967993,0.061866889632107,0.749177096034429,1.39319686035012,-62.4453920325032,1.19882316927712,18.4219753522477,-471.833358874865
0.0640764214046823,-0.409284033172813,-4.01298817219217,9.75020252418472,-0.705866099245711,-21.7383196745872,-94.7946937015222,0.0640764214046823,0.752102978603772,1.25593881370736,-61.7963575964386,1.2383753566707,17.3746872783734,-476.13949842751
0.0662859531772575,-0.418127057648437,-3.98427855776166,16.2368548124359,-0.754129002549354,-21.9039898032054,-55.1647960640548,0.0662859531772575,0.754727169461023,1.1199160576449,-61.3272451059893,1.27560301643737,16.3223155087795,-476.434963416366
0.0684954849498328,-0.426890813301142,-3.93999716498041,23.8452959227434,-0.802661222078404,-21.9848563015475,-18.0330636326107,0.0684954849498328,0.757051958827739,0.983820331776712,-61.8624076135748,1.310504706108,15.27055025494,-475.590499076643
0.070705016722408,-0.435538155488198,-3.87816261844044,32.1254281079891,-0.851281479576895,-21.9843552054674,18.4866403463238,0.070705016722408,0.759074734024155,0.846387918002165,-62.5371737641108,1.34308454838337,14.2241328898815,-471.594219465565
0.0729145484949833,-0.444028660350458,-3.79701013877447,41.3312930609391,-0.899811484730525,-21.9066130757366,51.8831372651621,0.0729145484949833,0.760792200821238,0.706499632997264,-64.0853864915844,1.37336205322305,13.1870765390231,-467.117197795305
0.0751240802675585,-0.452317384573024,-3.69501653470581,50.9901710018021,-0.9480881948176,-21.7564030139658,84.0823769085982,0.0751240802675585,0.762196800796995,0.563174398897758,-65.6481940601661,1.40135907758407,12.162550356633,-460.252297503699
0.0773336120401338,-0.460357173217705,-3.57095203865151,61.3091836344975,-0.995954412163144,-21.5388379166654,112.85083763118,0.0773336120401338,0.76328090427697,0.415636289487963,-67.8987512619933,1.4271091361201,11.1529820782694,-453.577764497953
0.079543143812709,-0.468097648548509,-3.42390131017339,71.7965995031846,-1.04326968826004,-21.2593167751578,140.163076879515,0.079543143812709,0.764033523971913,0.263311960445975,-69.9805324239132,1.45064481410587,10.1600944696805,-445.153469795827
0.0817526755852843,-0.475487610679685,-3.25330475293218,82.6221414795582,-1.08990068391905,-20.9232339627766,164.048717268568,0.0817526755852843,0.764444496562378,0.105887597009286,-72.5151450681442,1.47200723920635,9.18507905151409,-437.400409056107
0.0839622073578595,-0.482474208983457,-3.05894372446159,93.3074657639518,-1.1357307887116,-20.535895719224,186.557912027609,0.0839622073578595,0.76450144799174,-0.056731459075138,-74.6826079606835,1.49123426210174,8.22849901393784,-428.466331987642
0.0861717391304348,-0.48900527737912,-2.84098288140969,103.983965621854,-1.18065011205889,-20.1022933771389,205.925552086352,0.0861717391304348,0.764193796639716,-0.22436213316098,-77.0515070825932,1.50836949923015,7.29060568556366,-420.485776341695
0.08838127090301,-0.495028692867091,-2.5999451821657,114.195924104773,-1.22456410054844,-19.6270586350458,224.24227622163,0.08838127090301,0.763509977468177,-0.396593193842079,-78.8467359920905,1.52345191190888,6.37128767219809,-411.65252986073
0.0905908026755853,-0.500494600353018,-2.33670135833265,124.084264576333,-1.26738333137155,-19.1142117863828,239.970870679885,0.0905908026755853,0.762441226114554,-0.572773174434246,-80.6259475681873,1.53652462431803,5.47021696930364,-403.968873803562
0.0928003344481605,-0.505354724655602,-2.05246344415336,133.199127051921,-1.30903101704793,-18.5672258836235,255.143894854176,0.0928003344481605,0.760978856413394,-0.752046151505425,-81.6464209909318,1.547625148302,4.58695087808655,-395.536344614404
0.0950098662207358,-0.50956456673683,-1.74876292212001,141.701216815403,-1.34943308240844,-17.9888403042945,268.392889280804,0.0950098662207358,0.759117886382166,-0.933351664477357,-82.4657363650331,1.55679465172678,3.72107892480381,-388.224236726935
0.097219397993311,-0.513082619133854,-1.42737981186868,149.204860427169,-1.38852484545617,-17.3810747784904,281.737716078816,0.097219397993311,0.756854316098097,-1.11550413839217,-82.4130639090145,1.56406883252722,2.87214364280493,-380.205792237422
0.0994289297658863,-0.515872248828543,-1.09035998190716,155.855093129139,-1.4262411563376,-16.7452045385424,293.832409538212,0.0994289297658863,0.754188402709732,-1.2971707114593,-82.0259139069822,1.56948683699513,2.03992805511058,-373.090085218369
0.101638461538462,-0.517900989180991,-0.739935801429965,161.338065011121,-1.46252296838853,-16.0818279262591,306.635635789076,0.101638461538462,0.75112203629525,-1.47695593879322,-80.7101277878683,1.57308340423029,1.22435829849525,-365.138499442139
0.103847993311037,-0.519142072154394,-0.378473148167274,165.846778175284,-1.49730777586592,-15.3907848812784,318.875210950326,0.103847993311037,0.747661640562818,-1.65342069811706,-79.020328695362,1.57489735411821,0.425599090979176,-357.873694752459
0.106057525083612,-0.519573486072875,-0.00845211091706233,169.084850184096,-1.53053582478864,-14.6713946055474,332.29467459739,0.106057525083612,0.743815465163404,-1.82513236045506,-76.4077710217389,1.57496415365809,-0.355906389213203,-349.520957718662
0.108267056856187,-0.519179422569627,0.367594416116447,171.300865650352,-1.56214160092381,-13.9224173999527,345.656387153373,0.108267056856187,0.739596264683656,-1.99068788530118,-73.4479829448392,1.57332458116816,-1.11938908064434,-341.560022340098
0.110476588628763,-0.517949062989214,0.747159173993239,172.269444211634,-1.59205987198114,-13.1422165627136,360.557342762651,0.110476588628763,0.735018488899696,-2.14878867192294,-69.6599719477817,1.57001750217897,-1.86387116749302,-332.322196588968
0.112686120401338,-0.515877678701409,1.12775452030237,172.233722507313,-1.62021789103857,-12.3288871696097,375.643333958928,0.112686120401338,0.730100630997329,-2.29822938704825,-65.6091533756407,1.56508801603903,-2.58801376492806,-323.149343963771
0.114895652173913,-0.512965444100667,1.50699664031444,171.044545512399,-1.64654200782464,-11.4804200980415,392.362885367242,0.114895652173913,0.724862467196998,-2.43796945661126,-60.8792468342581,1.55858090489603,-3.29028243971987,-312.522596587951
0.117105183946488,-0.509218164785531,1.88264503591212,168.980794028059,-1.67095059697684,-10.5947465376899,409.321499844722,0.117105183946488,0.719327089047428,-2.56713568018827,-56.0380341754644,1.55054804885642,-3.96892686887981,-301.765405588143
0.119314715719064,-0.504645916054009,2.25261459785192,165.90424046827,-1.69336086601945,-9.67004066275206,427.693732445885,0.119314715719064,0.713518131497223,-2.68505696452723,-50.7006747243868,1.5410419648564,-4.62204657665171,-289.41840618453
0.121524247491639,-0.49926371773489,2.6150216326841,162.135427782167,-1.71368312114973,-8.70473205113075,446.073844560888,0.121524247491639,0.707461651698833,-2.79126276978934,-45.4335439189745,1.53012293132555,-5.24762563658027,-276.836460745428
0.123733779264214,-0.493089969287235,2.96822373414825,157.572218741043,-1.73182763009691,-7.69769918675894,465.461238908989,0.123733779264214,0.701183363946311,-2.88551744601546,-39.8828813943255,1.51785237370719,-5.8436828032219,-262.696099084569
0.125943311036789,-0.486146948437465,3.31079730200783,152.514807036641,-1.74769974300747,-6.64840592512098,484.326652500138,0.125943311036789,0.694710366744251,-2.96778865497663,-34.5864790215855,1.50429932568041,-6.40822155853562,-248.306967104203
0.128152842809365,-0.47845934562455,3.6415839194818,146.903034860632,-1.76120735835397,-5.55701063023736,503.570700622397,0.128152842809365,0.688068517291392,-3.03827333381119,-29.2140779194306,1.48953403542861,-6.93941845286679,-232.516075066465
0.13036237458194,-0.470054557692276,3.95968221845504,141.029732544193,-1.77225652610357,-4.42439071592315,521.641906294972,0.13036237458194,0.681284043814603,-3.09736142221541,-24.2706369306834,1.4736335945708,-7.43562381004813,-216.633707109257
0.132571906354515,-0.460961258282594,4.26443258353726,134.820896864985,-1.78075902207621,-3.25235113066128,539.252170730091,0.132571906354515,0.674381080344325,-3.14563673363816,-19.4266857526964,1.45667554131418,-7.89546382603055,-199.599290026177
0.13478143812709,-0.451209759121615,4.55541962020216,128.571592237568,-1.7866288724211,-2.04352931561834,554.936046019488,0.13478143812709,0.667383275198696,-3.18383554372349,-15.1496987641149,1.43874303820513,-8.31787290273928,-182.75237556349
0.136990969899666,-0.440830569506096,4.83245981879307,122.19664927815,-1.78978950797831,-0.80149141132938,569.318350052286,0.136990969899666,0.660311508759302,-3.21283906984479,-11.1033983683446,1.41991833239649,-8.70220283179322,-165.131220250099
0.139200501672241,-0.429854812102982,5.09555537673229,115.949333689641,-1.79017071389866,0.469267838941278,580.933722394402,0.139200501672241,0.65318553518871,-3.23361873725133,-7.70571554839262,1.40028745090865,-9.04818273787902,-148.039117809909
0.141410033444816,-0.418312986498482,5.34489619072761,109.746279372033,-1.78771578357833,1.76338727043128,590.463265467493,0.141410033444816,0.646021942078599,-3.24722437783265,-4.60969059349736,1.37993383790967,-9.35603916796157,-130.623025820358
0.143619565217391,-0.406235376193924,5.58081219632483,103.797611261631,-1.78237819349591,3.07471899830909,596.513762112823,0.143619565217391,0.638835844317705,-3.25472661711066,-2.18110496884037,1.35894251929451,-9.62644251756683,-114.137744729756
0.145829096989967,-0.393651022769372,5.80373988429641,97.9896549262194,-1.77412840494132,4.3963047893281,599.744927101419,0.145829096989967,0.631639098335494,-3.25719955122014,-0.0573187009576941,1.3373939767108,-9.86055940052006,-97.7776355866808
0.148038628762542,-0.380588280845693,6.01419559326216,92.5083606062399,-1.76295064326802,5.72062746966225,598.991109892202,0.148038628762542,0.624442072521628,-3.2556654858904,1.44590731395874,1.31536808071288,-10.0600044892348,-82.7539061545976
0.150248160535117,-0.367073910269782,6.21273838194841,87.2064469838369,-1.74884858863475,7.03962630714722,594.925948786375,0.150248160535117,0.617252105671591,-3.25107874500466,2.70586904218362,1.29293817760837,-10.226859949418,-68.2785091781116
0.152457692307692,-0.353133795146468,6.39992282928482,82.2271404030762,-1.73184208728263,8.34485519937101,586.526980222668,0.152457692307692,0.610075348957164,-3.24427554689245,3.45217602116463,1.27017493672905,-10.3635802908328,-55.4765262659348
0.154667224080268,-0.338792244603113,6.57628761656107,77.412824466679,-1.71197214323365,9.62767834970691,574.644962410908,0.154667224080268,0.602915445871895,-3.23596308348615,4.07200942795316,1.24714085774791,-10.4730053936242,-43.5717011907545
0.156876755852843,-0.324072762277698,6.74230662943793,72.8624645674136,-1.689296764863,10.8794037311054,558.378239097074,0.156876755852843,0.595775422461478,-3.22667859232692,4.33202555759635,1.22389406038592,-10.5582382160162,-33.5784203415969
0.159086287625418,-0.308997563166737,6.89836845179869,68.3998827749383,-1.66389536681255,12.0913870606719,538.671683071647,0.159086287625418,0.588656548132626,-3.21678786953558,4.62075160008681,1.2004833321465,-10.6226237168961,-24.7013488648226
0.161295819397993,-0.293588433731338,7.04475820215431,64.1076033563877,-1.63586415709288,13.2553285602451,514.892256601073,0.161295819397993,0.581560232454731,-3.20645510142214,4.73215134679049,1.17695201116473,-10.6696256112934,-17.8433160100831
0.163505351170569,-0.277866329011197,7.1816359988267,59.789955729495,-1.60531922759298,14.3632976629388,488.00719607569,0.163505351170569,0.57448701928477,-3.19565296784717,5.04560673664673,1.15333357856723,-10.7027844697648,-12.1710597802012
0.165714882943144,-0.261852327894383,7.30901944374241,55.5136090318701,-1.57239183200244,15.4079323448706,457.563892693259,0.165714882943144,0.567438438921565,-3.18414639160176,5.36979112116387,1.12965572648279,-10.725584612916,-8.46692645217991
0.167924414715719,-0.245567307636559,7.42679361899177,51.0919412581716,-1.53723059546161,16.382606963491,424.681504922628,0.167924414715719,0.56041607404322,-3.17151298404404,6.06557967959088,1.10593653860387,-10.7414128989382,-5.8603497777367
0.170133946488294,-0.22903285495534,7.53469353201368,46.5757314688453,-1.49999605079555,17.2815009452149,388.969597886608,0.170133946488294,0.553423321510805,-3.1571409016769,6.94358592329081,1.08218874031768,-10.7534263927158,-5.0138941926125
0.17234347826087,-0.212271018125356,7.63231910562598,41.791926171587,-1.46086254462913,18.0996782235133,351.619234963495,0.17234347826087,0.546464467777716,-3.14026098416861,8.33559468665044,1.05841646404636,-10.7645145724644,-5.02278406309779
0.174553010033445,-0.195305151830712,7.71914764365641,36.8025879314955,-1.42001242257907,18.8332618718836,312.39805365447,0.174553010033445,0.539546308673407,-3.11995428720198,10.0454009782989,1.03461966638926,-10.7771828475465,-6.44414774508914
0.17676254180602,-0.17815961417364,7.79454676108003,31.4463672177226,-1.37763716365482,19.47936381428,272.433493387129,0.17676254180602,0.532677191524606,-3.09519476501717,12.3661547115626,1.01079140820534,-10.7935271885668,-8.35024554963456
0.178972073578595,-0.160860554387853,7.85779365566111,25.8027706911198,-1.33393187606466,20.0361791361897,231.578559139976,0.178972073578595,0.525868446322179,-3.06486639392904,15.0861512154806,0.986922383866678,-10.8151391953857,-11.212276326929
0.181181605351171,-0.143435524684593,7.9081109232459,19.7428677190837,-1.28909601484997,20.5029896282326,190.96389789728,0.181181605351171,0.519133352172437,-3.02780806680862,18.4579033035843,0.962998620851285,-10.8431043425018,-14.1009121622774
0.183391137123746,-0.12591410969593,7.94468224914425,13.3603683169713,-1.24332786203194,20.8801114031939,150.395099191694,0.183391137123746,0.512488370072432,-2.98283924330801,22.2464885126101,0.939006016750466,-10.8779330783142,-17.4249850841297
0.185600668896321,-0.108327468979595,7.96669228795573,6.56243984054527,-1.19682547572944,21.1688409969342,110.95402221402,0.185600668896321,0.50595199601129,-2.92880754335609,26.6613394919987,0.91492834333832,-10.9195848402402,-20.2769049207272
0.187810200668896,-0.0907087902307934,7.97335513025536,-0.53144052899188,-1.1497814084893,21.3714386462611,72.4311201419914,0.187810200668896,0.499545783426825,-2.86460832286107,31.4498144563986,0.890751677454782,-10.9674360308312,-23.0365166692936
0.190019732441472,-0.073092705990945,7.96394883301044,-7.98284956782663,-1.10238373030033,21.4909678146625,35.7629958105681,0.190019732441472,0.4932931098006,-2.78923716052391,36.7738366109261,0.866462546590703,-11.0203267317834,-24.8385142387997
0.192229264214047,-0.0555155942673931,7.93784407247196,-15.6463743813256,-1.05481145606952,21.5312411983678,0.691228749754373,0.192229264214047,0.487219967171975,-2.70180699419103,42.3652528722596,0.84205215333871,-11.0765596530747,-26.0617914179747
0.194438795986622,-0.0380148686231952,7.89453670307268,-23.5541204355504,-1.00723580723878,21.496669122967,-31.9848049090651,0.194438795986622,0.481353653006538,-2.60158099422794,48.3562304819061,0.817514525622116,-11.1339836320219,-25.9166228867834
0.196648327759197,-0.020629134916992,7.83367346021373,-31.537409466297,-0.959816309206058,21.3921549138692,-62.6182330694573,0.196648327759197,0.475723415440626,-2.48799699411083,54.4565025386401,0.79285037215814,-11.1900107324855,-24.7973801060871
0.198857859531773,-0.00339736781055169,7.75507851728556,-39.6043083435052,-0.912702515306685,21.2229331327402,-90.5561029862438,0.198857859531773,0.470359036189419,-2.3606905847482,60.7773320164997,0.768065157124347,-11.2417224552591,-22.0104761243274
0.201067391304348,0.0136410498485244,7.65876330615902,-47.5772495974134,-0.866030819077999,20.9944480201804,-116.261572501156,0.201067391304348,0.465291373736185,-2.21949139122529,67.0318221902853,0.743172486271405,-11.2859194945747,-17.9953204559279
0.203276923076923,0.030447193916632,7.54495439528171,-55.4390657051408,-0.819926715410149,20.7122121182983,-139.209659354528,0.203276923076923,0.46055096269368,-2.06445513447764,73.3022147961456,0.718191961712368,-11.3192326242237,-12.1586968453194
0.205486454849498,0.0469826827665368,7.41409213329084,-63.0134169566954,-0.774502237566603,20.381691135822,-159.967737937317,0.205486454849498,0.456168415310816,-1.89584634452443,79.3172605569416,0.693152078022619,-11.3381877949949,-4.99893899995368
0.207695986622074,0.0632105381832446,7.26683202344904,-70.2818917323129,-0.729858727123321,20.0081445464354,-178.155111458211,0.207695986622074,0.452173097225385,-1.71413602913374,85.1613114609791,0.668087789359436,-11.3393299846302,3.96506417685305
0.209905518394649,0.0790952752500927,7.10405112538257,-77.062355666083,-0.686084975395348,19.5965803931105,-194.380064032972,0.209905518394649,0.448593539273042,-1.51999938371124,90.5651911692403,0.643042858261108,-11.3192866321673,14.1775601670524
0.212115050167224,0.0946037915343081,6.92683322230677,-83.3498233081555,-0.643260193098515,19.1516166568302,-208.387383625668,0.212115050167224,0.445456123360175,-1.31429596169963,95.6312008128152,0.618067142446116,-11.2748894400993,26.0094085102755
0.214324581939799,0.109705391426126,6.7364451594346,-88.983578035306,-0.601452764396453,18.6774223355855,-220.838687825701,0.214324581939799,0.442785581901157,-1.09803447297405,100.122027459176,0.593218405360763,-11.2032322669704,38.8524540963408
0.216534113712375,0.124372570762271,6.53433622831933,-93.9591916716963,-0.560723476937949,18.1776835865299,-231.509411675172,0.216534113712375,0.440603839249337,-0.872373674105503,104.139166400491,0.568559347147293,-11.1017830498942,52.9762476542819
0.21874364548495,0.138581038444448,6.32209603133343,-98.1540873679842,-0.521124425523938,17.6555638113281,-241.097302274182,0.21874364548495,0.438930507200168,-0.638569789939496,107.492897069227,0.544158920598806,-10.9684259340897,67.7344997173786
0.220953177257525,0.152310314863277,6.1014260195757,-101.589599956809,-0.482702418530231,17.1136677966926,-249.410253545124,0.220953177257525,0.437781958769581,-0.39794973483535,110.308954065695,0.520089175954274,-10.801545184107,83.3208071616682
0.2231627090301,0.165543627740988,5.87411901787475,-104.161685924024,-0.445498040039758,16.5541155135383,-257.079211869685,0.2231627090301,0.437171942034155,-0.15188717848855,112.419281301583,0.496426206044423,-10.600060163286,99.0572181936732
0.225372240802676,0.178268420075043,5.64201128328804,-105.935075270027,-0.409548730142143,15.9785162904695,-263.935448533128,0.225372240802676,0.437110759676147,0.0982416889594617,113.989653435259,0.473246836510295,-10.3634750237008,115.092351884145
0.227581772575251,0.190476034124294,5.40694289011007,-106.841582749243,-0.37488796119495,15.3880431790178,-270.542596798186,0.227581772575251,0.43760607830045,0.351098424270248,114.888463140625,0.450629351366109,-10.0918756822934,130.750993550901
0.229791304347826,0.202162044291439,5.17073710794243,-106.964604696834,-0.341547989498544,14.7835163116407,-276.656474860778,0.229791304347826,0.438662285923599,0.605392983168471,115.291126992044,0.428650196580481,-9.78597608841127,146.139882316042
0.232000836120401,0.213325849979559,4.9351428999373,-106.288004683418,-0.309558663193041,14.1654619854801,-282.787235188473,0.232000836120401,0.44028134836286,0.859939019761072,115.116092991855,0.407384501180096,-9.44706969317406,160.627731930304
0.234210367892977,0.22397075437066,4.70180653652832,-104.920873419309,-0.278949912838294,13.5341973511319,-288.614038315245,0.234210367892977,0.442462411096878,1.11366932431032,114.552751510448,0.38690299529088,-9.07703468055495,174.316546501897
0.236419899665552,0.234103431841482,4.47224576348435,-102.870456755976,-0.249750185065782,12.889976517939,-294.514786704625,0.236419899665552,0.445202723875272,1.36565348400759,113.53553653766,0.367272508125189,-8.678294773601,186.610516781933
0.238629431438127,0.243733892589028,4.24780548930019,-100.285955810628,-0.221988287510024,12.2330302976222,-300.132666181853,0.238629431438127,0.448497320623363,1.61512789624638,112.281005532714,0.34855305922279,-8.25376717800049,197.65876675566
0.240838963210702,0.252874754226138,4.02963684757382,-97.1935685250501,-0.195691646830838,11.5637061952515,-305.718863701855,0.240838963210702,0.45234007668233,1.8615058297148,110.732699476168,0.330798586478727,-7.80679618927802,206.925583892989
0.243048494983278,0.261541113882336,3.81868537020839,-93.7532012691299,-0.170887535015757,10.8825705583329,-310.824102887524,0.243048494983278,0.456723433174541,2.10437066067276,109.101053513834,0.314054330778331,-7.34112115149436,214.58909497573
0.245258026755853,0.269749767536026,3.61565688577661,-90.0219197332262,-0.147600875998981,10.190466266017,-315.64735220205,0.245258026755853,0.461639424354393,2.34350003094548,107.351475696923,0.298357705617625,-6.86074965864965,220.228361652051
0.247467558528428,0.277518931418044,3.42102040568555,-86.1570178198745,-0.125855217031515,9.48860679538162,-319.654189370598,0.247467558528428,0.467079508729351,2.57884344682829,105.67412439076,0.283736242069389,-6.3699184520602,224.056905191945
0.249677090301003,0.284867474098007,3.23500485555202,-82.2185198776206,-0.105670119615242,8.77866783059218,-322.960661070752,0.249677090301003,0.473035497418922,2.81051263574901,104.025678794875,0.270208631200544,-5.87300033571674,225.738044589925
0.251886622073579,0.291814623443599,3.05758996641067,-78.3719648064434,-0.0870617260463597,8.06276830393633,-325.04950609825,0.251886622073579,0.479499342661175,3.03877656352608,102.59178705042,0.257783080385166,-5.37440236055387,225.577461574299
0.254096153846154,0.29837915845459,2.88852415182789,-74.6611951428495,-0.0700402341303225,7.34355558603667,-325.959659577982,0.254096153846154,0.486464044152658,3.26403056631578,101.301187547695,0.24645880565205,-4.87849464191193,223.302907377307
0.256305685618729,0.304579195222228,2.72734106633384,-71.2367616049669,-0.0546100872643187,6.6242011788272,-325.177758890584,0.256305685618729,0.493923301147038,3.48676501670252,100.31116593942,0.236224702557881,-4.38954896488723,219.275636270278
0.258515217391304,0.310431451936018,2.57336542041936,-68.1372431734417,-0.0407674681852242,5.90834799910189,-322.790456466616,0.258515217391304,0.501872280328474,3.70755658977937,99.5425549414649,0.227061109841664,-3.91160981548217,213.340138109845
0.26072474916388,0.315951060539954,2.42575201792583,-65.4778551253985,-0.0285007220094246,5.2001158301044,-318.279455075809,0.26072474916388,0.510307229314514,3.92701487805792,99.1043176697131,0.218939050219431,-3.44847935864586,205.871264581612
0.262934280936455,0.321151004248009,2.28351048511652,-63.274792448894,-0.0177878258898498,4.50404964788726,-311.778180534348,0.262934280936455,0.519226008617364,4.14575555164797,98.8929922626849,0.211822060421668,-3.00363359711368,196.789395974272
0.26514381270903,0.326042038479702,2.14552924779551,-61.6215670727397,-0.00859704040489813,3.82498049789855,-302.894265833996,0.26514381270903,0.528627586539907,4.36437748283132,98.9968357062025,0.205665802487437,-2.58015392014848,186.531343941242
0.267353344481605,0.330632234331997,2.01062110740592,-60.4931199067214,-0.000884994010674736,3.16800697288851,-291.777902418491,0.267353344481605,0.538512470049019,4.58341366666457,99.2679609823535,0.200420196292262,-2.18071010905226,175.032871657852
0.269562876254181,0.334927100918549,1.87755771237572,-59.9517604808643,0.00540258371977606,2.53835689581634,-278.16192364547,0.269562876254181,0.548881982786609,4.8033004083766,99.7667344596994,0.196029105941983,-1.80753286028747,162.75566200044
0.271772408026756,0.338929281172672,1.74509526207484,-59.9491632759164,0.0103321664122086,1.94123224150263,-262.33689309501,0.271772408026756,0.559738559780083,5.02436729121172,100.336188321497,0.192432593722704,-1.46235187510868,149.691517499916
0.273981939799331,0.342638787773999,1.61202621531122,-60.5008328864351,0.0139810123508711,1.38173577429702,-244.102049444845,0.273981939799331,0.571084981120649,5.24678487606103,100.989348255942,0.189566880080507,-1.14644178386068,136.260551774743
0.276191471571906,0.346052927454581,1.47720762761809,-61.5327937547409,0.0164381446014349,0.864722279627442,-223.882616887415,0.276191471571906,0.582924435555131,5.47055503877914,101.560500083477,0.187366394629008,-0.860594558988474,122.479538248088
0.278401003344482,0.349166662149825,1.33958581584037,-63.0382248527894,0.0178022750534522,0.394617098809429,-201.64209079316,0.278401003344482,0.595259711464258,5.69550719907781,102.059256003122,0.185763858037727,-0.605126425760247,108.762335165186
0.280610535117057,0.351972642298962,1.19823985091546,-64.9037822994142,0.0181819826370767,-0.0246421507257679,-177.858448406185,0.280610535117057,0.608093243789718,5.92126478802356,102.289549248599,0.184692302500724,-0.37992053506612,95.087089848188
0.282820066889632,0.354461760193352,1.05240151820706,-67.1045775880048,0.0176933798235058,-0.389766883250553,-152.641195958942,0.282820066889632,0.621426156830196,6.14724938579386,102.26473738825,0.184084965051162,-0.184455457289232,81.8418687691956
0.285029598662207,0.356623271482932,0.901464125588745,-69.519294031983,0.0164595780121972,-0.698244703058014,-126.583410481476,0.285029598662207,0.635258329453428,6.37270219593231,101.808191489079,0.183877182113713,-0.0178165051332613,68.9945701761972
0.287239130434783,0.358445387448002,0.745018157911659,-72.0907698004594,0.0146077921106277,-0.948394708819047,-99.8446580042532,0.287239130434783,0.649587532788341,6.59666018770506,100.911673916358,0.184006232782826,0.12122149730618,56.8583405311219
0.289448662207358,0.359915554065034,0.582850218496276,-74.6986463357753,0.0122685615280414,-1.1394619917428,-73.1035523770474,0.289448662207358,0.664409390008662,6.81798932512754,99.4286336271616,0.184412867613347,0.234172908309553,45.3817923380411
0.291658193979933,0.361021039600842,0.414937978403898,-77.2903335707379,0.00957243716183253,-1.27168961686632,-46.5848148731766,0.291658193979933,0.679716660866237,7.03541681749408,97.3800251712964,0.185041057745198,0.322783309753206,34.8256095590405
0.293867725752508,0.361749191358897,0.241468247026603,-79.7291160071327,0.00664888430140102,-1.34631711888187,-20.9656978117583,0.293867725752508,0.695499343991788,7.24753150223495,94.6196440560452,0.185839267570461,0.388975795166999,25.0897863048012
0.296077257525084,0.362088103128588,0.0628186416239771,-81.9789957476169,0.0036229762615696,-1.36560732811378,3.50479548726048,0.296077257525084,0.711743963120093,7.45282942819702,91.2097054108744,0.186759966501567,0.434795193066066,16.3845192180015
0.298286789297659,0.362026790928054,-0.120463419390362,-83.9222719229583,0.000614178740743056,-1.33281434903127,26.1783975670629,0.298286789297659,0.728433870826159,7.64975892866732,87.0448034534929,0.187760655157746,0.462370281851285,8.57560050282336
0.300496321070234,0.361555767623436,-0.307658132212396,-85.520607464874,-0.00226681504068798,-1.25214225070253,46.8434972343987,0.300496321070234,0.745548733930957,7.83673473863843,82.1999318264716,0.188803210158457,0.473850914641766,1.81631413989089
0.302705852842809,0.360667230091625,-0.497908135076841,-86.6878262185492,-0.0049191174326792,-1.12866404422719,64.9251661611297,0.302705852842809,0.76306489962269,8.01219354718441,76.6199690446374,0.189854632460475,0.471379054981625,-4.05376525131578
0.304915384615385,0.359355479934884,-0.690249708901518,-87.4138329764246,-0.00725445317325448,-0.96822406282421,80.3001556870202,0.304915384615385,0.78095512635201,8.17463830841817,70.4200176620798,0.190886264156273,0.457039062244078,-8.92635380878346
0.30712491638796,0.357616972765967,-0.883622806565867,-87.6215297773306,-0.00919776109224318,-0.777323696772019,92.4969666912598,0.30712491638796,0.799189145766212,8.32266243669781,63.566856948135,0.191874317119148,0.432837018646737,-12.9805894610399
0.309334448160535,0.355450694602726,-1.0769149606825,-87.3405653740338,-0.0106894959844413,-0.562977791816884,101.522334244442,0.309334448160535,0.817733500524614,8.45499990357951,56.2209356731328,0.192798998446367,0.400663654904591,-16.1417469013468
0.31154397993311,0.352858017121988,-1.26899578485028,-86.5250712752313,-0.0116855957287905,-0.332546924281467,107.056578623459,0.31154397993311,0.836552327614371,8.57056269817829,48.3829410695762,0.193644875270404,0.362284064912565,-18.5982740102263
0.313753511705686,0.349842921590944,-1.45873258892327,-85.2188306934986,-0.0121590419745855,-0.0935941890675736,109.236065980958,0.313753511705686,0.855607361705561,8.66846161593119,40.2321392547165,0.194399954750611,0.319317328848335,-20.2938900197478
0.315963043478261,0.346411785116154,-1.64503477606853,-83.4161619847291,-0.0120991943977369,0.146313104846782,107.920615712502,0.315963043478261,0.874858810333869,8.74804245698664,31.8019831264974,0.195055958837652,0.273236709420594,-21.4168651725486
0.318172575250836,0.342573408381515,-1.82688311301916,-81.1873428914987,-0.0115124750667793,0.379777531154421,103.404180975559,0.318172575250836,0.894265517218659,8.80890581646923,23.2896523394447,0.195607405132408,0.225357992867799,-21.9214720689124
0.320382107023411,0.33833867255016,-2.00334334908283,-78.5390192761697,-0.0104209333545452,0.599737374454335,95.6966837687812,0.320382107023411,0.913785924900092,8.85091709208865,14.7376583703444,0.196051830128543,0.176855868845777,-21.9811543825635
0.322591638795987,0.333720506819163,-2.1736026944215,-75.5744878948462,-0.00886219749866386,0.799649632669372,85.2577253927907,0.322591638795987,0.933378282281458,8.87421892177838,6.35443904050044,0.196388942455171,0.128758551379562,-21.5550536622395
0.324801170568562,0.328733384121601,-2.33698614162729,-72.315168396759,-0.00688723081392296,0.973650430004875,72.2424287079142,0.324801170568562,0.953001662229008,8.87922974238839,-1.81879880017368,0.19662082234907,0.0819685447620557,-20.797816930768
0.327010702341137,0.323393216555176,-2.49296251111626,-68.8698296421644,-0.00455957437770921,1.11668384791532,57.2270088315503,0.327010702341137,0.972616162745062,8.86663633950897,-9.58036099982564,0.196751166663178,0.037269063072884,-19.662774986471
0.329220234113712,0.317716824369301,-2.64116553451865,-65.2789753145116,-0.00195253393014198,1.22464325225237,40.4945135987167,0.329220234113712,0.992183891645039,8.83737949864832,-16.9020288203319,0.196785516707058,-0.00465606790167072,-18.2865602481979
0.331429765886288,0.311721738224877,-2.78139445234655,-61.6519152645778,0.000852201974133801,1.29446178526284,22.7030686918497,0.331429765886288,1.0116691043222,8.79263212643249,-23.6019121243153,0.19673059120325,-0.0432156562255344,-16.616389600691
0.333639297658863,0.305425665540252,-2.91360735044364,-58.0231215356471,0.0037677749557035,1.32418752227505,4.20375145997241,0.333639297658863,1.03103909174088,8.73377238028257,-29.6761143611511,0.196594543976052,-0.0778872131483936,-14.7672341635844
0.335848829431438,0.298846322197649,-3.0379259594916,-54.5062483435322,0.00670387078076266,1.31303013936202,-14.30307028536,0.335848829431438,1.05026419945955,8.66234671252104,-34.9761967285303,0.196386402658992,-0.108216592584817,-12.6859844892315
0.338058361204013,0.292000877679796,-3.15461869983851,-51.1204204333408,0.0095701385782421,1.26137608911419,-32.4525825538208,0.338058361204013,1.06931855231363,8.58003150391352,-39.5329908099957,0.19611632797678,-0.13379845869445,-10.4699315533944
0.340267892976589,0.284905861702342,-3.26408336050106,-47.963613588021,0.0122779718728917,1.17077202927921,-49.5594174179005,0.340267892976589,1.08817990389474,8.48859299020972,-43.2343310622091,0.195795138767778,-0.15427799324209,-8.06751135811646
0.342477424749164,0.277576685893074,-3.36683525831805,-45.0442345835763,0.0147438545725117,1.04387670828357,-65.3023126288613,0.342477424749164,1.10683018414629,8.38983370479789,-46.1595275259169,0.195434563721025,-0.169341630830523,-5.56762869771046
0.344686956521739,0.270027602749782,-3.46347920269358,-42.4348825534325,0.0168909293800993,0.884385144294018,-79.0645310338232,0.344686956521739,1.12525511216948,8.28555011445704,-48.2347614679893,0.195046807340299,-0.178725147047459,-2.92604071533424
0.346896488294314,0.262271351209064,-3.55468244585727,-40.1194796835844,0.0186520087235341,0.696930421196043,-90.6137016348966,0.346896488294314,1.1434445566086,8.17748441022866,-49.5829803447414,0.194644765939106,-0.182210605024856,-0.228888324985746
0.34910602006689,0.254319235138707,-3.64115499916417,-38.1528080293065,0.0199707091979131,0.486939037675081,-99.4640208286382,0.34910602006689,1.16139193541776,8.06727044988401,-50.1792966341891,0.194241607098093,-0.179643651603158,2.55241537588881
0.351315551839465,0.246180855890015,-3.72361408124511,-36.4866093390519,0.0208038232736347,0.260493413987585,-105.50757224655,0.351315551839465,1.17909433736255,7.95639417501297,-50.1824870225973,0.193850909227188,-0.170936977371291,5.32859755177196
0.35352508361204,0.237864347896068,-3.80275719431804,-35.1512951756158,0.0211218461474175,0.0241612091215559,-108.413049126168,0.35352508361204,1.19655174686741,7.846153003567,-49.604420605785,0.193486225732874,-0.156093335830271,8.10740886846179
0.355734615384615,0.229376230201545,-3.87923903638875,-34.0777089238036,0.0209105931920705,-0.215203557102734,-108.25255323836,0.355734615384615,1.21376698607029,7.73760877830341,-48.6464636863966,0.19316112285718,-0.135213448492323,10.79242103859
0.357944147157191,0.220721744087438,-3.95364011404273,-33.2678514138606,0.0201708479534381,-0.45063399856943,-104.851819723245,0.357944147157191,1.23074473174625,7.6315670808454,-47.3392096351599,0.192888708911827,-0.108522556706504,13.3673508344436
0.360153678929766,0.211904843302934,-4.02644330352557,-32.6313498436066,0.018919212916787,-0.675248398745982,-98.4622063201641,0.360153678929766,1.24749136594962,7.52854836784979,-45.9101514052891,0.192681554783012,-0.0763805838099074,15.7265715028989
0.362363210702341,0.202928635268213,-4.09801983965455,-32.1575226382265,0.0171868823706184,-0.882461473414417,-89.1006766764667,0.362363210702341,1.26401386538651,7.4287649956118,-44.41067898646,0.192551178258356,-0.0393043846194416,17.8336602626296
0.364572742474916,0.193795433222213,-4.16860441213114,-31.7334549459702,0.0150195595896215,-1.06614714331971,-77.1659253115185,0.364572742474916,1.28031955052722,7.33211938542894,-43.0699459880125,0.192507866209775,0.00202223415963232,19.5739201958422
0.366782274247492,0.18450730747641,-4.23828648310779,-31.3406061212227,0.012475510395808,-1.2208209348597,-62.8400193504326,0.366782274247492,1.29641496687135,7.23820172486688,-41.9414231425617,0.19256011463961,0.0467302118363975,20.8943620272767
0.368991806020067,0.175066175930808,-4.30700625568299,-30.8624121183457,0.00962467430122646,-1.34180797309167,-46.673715399761,0.368991806020067,1.31230562390203,7.14628805313896,-41.2559971152805,0.192714369985359,0.0937688704974846,21.6835807250536
0.371201337792642,0.165474373143186,-4.37454598742198,-30.2724695586585,0.00654597569732631,-1.42535987238317,-28.9548863959252,0.371201337792642,1.32799486789012,7.05536856051185,-41.0415228892816,0.192974485236896,0.141891496418481,21.8755357522969
0.373410869565217,0.155734779231207,-4.44053406028053,-29.4578983659776,0.00332591845045761,-1.4687731400231,-10.3414642415953,0.373410869565217,1.34348374590539,6.96416424409165,-41.5138108263491,0.193341397524548,0.189668827243111,21.3710302556137
0.375620401337793,0.145851370956402,-4.50445899371027,-28.4049793922786,5.53738581539883e-05,-1.47047280495158,8.80297998029539,0.375620401337793,1.35876995222363,6.87115439093236,-42.6758390477044,0.193812643837017,0.235495944357197,20.1102624624982
0.377829933110368,0.135829288701476,-4.56567195307979,-27.0031031067265,-0.00317219431603911,-1.43005673833561,27.7803967492098,0.377829933110368,1.37384781378746,6.7746223459356,-44.7019902234897,0.194382069067288,0.277611401904146,18.0113505142363
0.380039464882943,0.125675376469431,-4.62340949110477,-25.2591352024174,-0.00626413774172174,-1.34831655873805,46.2082922681839,0.380039464882943,1.38870743886472,6.67269694962283,-47.5577342827455,0.19503942626289,0.314117937115121,15.0332389902906
0.382248996655518,0.115398148365033,-4.67681690392458,-23.0836073484825,-0.0091304908680812,-1.22721570903977,63.408461110419,0.382248996655518,1.40333488562537,6.56339022464198,-51.3833412316744,0.195770176192071,0.3430249064984,11.1324579614884
0.384458528428094,0.105008225381954,-4.72496655615954,-20.4999725145317,-0.0116872819435754,-1.06985034840176,79.0338088684298,0.384458528428094,1.41771147733903,6.44466571304508,-56.0824242036906,0.196555275122275,0.362274670634491,6.29183470994758
0.386668060200669,0.0945182209046526,-4.76688752618223,-17.445596354868,-0.01385822754147,-0.880364716631542,92.4827396801079,0.386668060200669,1.43181427293857,6.31448138929733,-61.7564096737769,0.197371090982404,0.369798405726208,0.518418199841108
0.388877591973244,0.0839430464911693,-4.80159825018641,-13.9734802431867,-0.0155776695692786,-0.663827044215203,103.520481548941,0.388877591973244,1.445615571853,6.17084105098832,-68.2623934880248,0.198189437776075,0.363559030588419,-6.16610809978738
0.391087123745819,0.0732996531187954,-4.82812959963438,-10.0418788272509,-0.0167917214328464,-0.42611800104296,111.646411385292,0.391087123745819,1.45908361166991,6.01185916145806,-75.643108576769,0.198977681440987,0.341612468102177,-13.6992432462721
0.393296655518395,0.0626072349861629,-4.84555988051576,-5.73547373017209,-0.0174607120936199,-0.173754050035495,116.785652040825,0.393296655518395,1.47218235951198,5.8358078300372,-83.71312572225,0.199699044980434,0.302158163664608,-22.0135760281846
0.39550618729097,0.0518868160949644,-4.85304235648417,-1.03743269397819,-0.0175595516211805,0.0862997237467122,118.607001742208,0.39550618729097,1.48487241730813,5.64115324245716,-92.4822021712898,0.200312937566907,0.243603155451645,-30.9886110774678
0.397715719063545,0.0411613324255524,-4.84983311939028,3.94233511152288,-0.0170793481304543,0.346797908800791,117.187919414743,0.397715719063545,1.49711097415833,5.42662224674206,-101.704637210583,0.200775542804174,0.164616793953009,-40.5074067476744
0.39992525083612,0.0304550953570033,-4.8353152235837,9.19881631863063,-0.0160270296248645,0.600431916616614,112.39376025507,0.39992525083612,1.50885300585201,5.19122273219892,-111.371741653827,0.201040389639984,0.0641915022095674,-50.3944693782323
0.402134782608696,0.0197937671917024,-4.80902172423104,14.601248182837,-0.014426001336389,0.840043741909828,104.49547235727,0.402134782608696,1.52005131728895,4.93427268615301,-121.211513527436,0.201059209131497,-0.0583167181868518,-60.4961925411772
0.404344314381271,0.00920372276761711,-4.77065276840395,20.1291470106827,-0.012314822948659,1.05880092866806,93.5167847855787,0.404344314381271,1.53065787040122,4.65543996900766,-131.179260487377,0.200782684356572,-0.203125150897741,-70.5799336392665
0.406553846153846,-0.00128805054372278,-4.72009000870847,25.6387032850794,-0.00974709275094044,1.25041222119106,79.9238463031256,0.406553846153846,1.54062400234263,4.35474536638361,-141.000217858411,0.200161586182062,-0.370001642055612,-80.4715182829459
0.408763377926421,-0.0116546549196956,-4.65740126221905,31.1052161891885,-0.00678917188558291,1.40930380545492,63.8999142202864,0.408763377926421,1.54990176689822,4.03255918602798,-150.632773669204,0.199147623588518,-0.558231002005371,-89.9078917677034
0.410972909698997,-0.0218694026767329,-4.58285043409206,36.3758936570857,-0.00351928968021272,1.53077043980193,46.047936138466,0.410972909698997,1.55844413763527,3.68962799867347,-159.77795824327,0.197694727911327,-0.766591482679758,-98.6935877498618
0.413182441471572,-0.031906562205869,-4.49688861556553,41.4340926879722,-2.46000390601992e-05,1.61112154579197,26.6834063001075,0.413182441471572,1.56620646748233,3.32703553655426,-168.429553067253,0.195760007113385,-0.993353568027466,-106.564456657805
0.415391973244147,-0.0417414392243808,-4.40014879560046,46.1318080750789,0.0036003588096031,1.64779300615766,6.51046836678506,0.415391973244147,1.57314651908827,2.94618923624608,-176.300769470108,0.193305035371411,-1.23629535867116,-113.338957865664
0.417601505016722,-0.0513510993417448,-4.29343614727598,50.4611892730518,0.00725710196440507,1.6394184165324,-14.0908885528256,0.417601505016722,1.57922586493334,2.5488100310522,-183.394628555921,0.190296739362843,-1.49270012206065,-118.75072427604
0.419811036789298,-0.0607144063862395,-4.17770668503121,54.2935498813731,0.0108450529693498,1.58588463387407,-34.3662400775852,0.419811036789298,1.58440987258001,2.13687738229584,-189.474097632396,0.186708698678171,-1.75941586904415,-122.672142137548
0.422020568561873,-0.0698126506558978,-4.05404380195507,57.6422770762128,0.0142652269367723,1.48833600885286,-53.9317660719348,0.422020568561873,1.5886688618739,1.71258840387179,-194.579196998093,0.18252176883519,-2.03289108526442,-124.869187310294
0.424230100334448,-0.0786294835619025,-3.92364175779517,60.3936306020187,0.0174221043690062,1.34916190191631,-72.0443422275575,0.424230100334448,1.59197790956341,1.27833930699273,-198.489689603972,0.177725223792018,-2.30923066669794,-125.264877167479
0.426439632107023,-0.0871514729120007,-3.78776506260546,62.5977623041254,0.0202272591140366,1.1719264918906,-88.3836834976728,0.426439632107023,1.59431792450376,0.836638594358817,-201.32416970894,0.172317131778642,-2.58428043783471,-123.701690818285
0.428649163879599,-0.095367858067657,-3.64772487433957,64.1622960974564,0.0226009220069161,0.961286747355644,-102.280915354825,0.428649163879599,1.5956750686762,0.390075540694113,-202.890930709546,0.166305124318737,-2.85371070190534,-120.178272724035
0.430858695652174,-0.103271000926933,-3.50484841716354,65.1650654272053,0.0244752463357122,0.722872395100817,-113.524401603302,0.430858695652174,1.5960416931055,-0.0587250706512918,-203.349537896458,0.159706402847446,-3.11309148546979,-114.605211074573
0.433068227424749,-0.110856005939223,-3.36043989402316,65.5490749465826,0.0257953410559018,0.463127624378284,-121.588552142364,0.433068227424749,1.5954155588573,-0.507180487842334,-202.578471609741,0.152548175222579,-3.3580209429367,-107.097378140908
0.435277759197324,-0.118120998358281,-3.21575148476103,65.4184097105826,0.0265218367373544,0.189141027643216,-126.415663172206,0.435277759197324,1.59380043030086,-0.952788533417845,-200.772184946865,0.144867094914663,-3.58420896343119,-97.6410404706148
0.4374872909699,-0.125066616095794,-3.07195955576428,64.7376086653458,0.0266311672760522,-0.0915330382757507,-127.641842949858,0.4374872909699,1.59120512578304,-1.39315920514719,-197.837762368901,0.136709328054079,-3.78758929446163,-86.4525612189318
0.439696822742475,-0.131696182843335,-2.93012237611757,63.6490308998291,0.0261173464247332,-0.371108658485766,-125.421384001764,0.439696822742475,1.58764397124481,-1.82609899975347,-194.04598420579,0.128129497139505,-3.96443340670126,-73.6212738212562
0.44190635451505,-0.138015013070925,-2.79116789962285,62.1282746989673,0.024991214532048,-0.641757892839418,-119.561953837462,0.44190635451505,1.58313547826339,-2.24961465747106,-189.307324376889,0.119190244909348,-4.1114496973757,-59.4533372788974
0.444115886287625,-0.144030531156953,-2.65586945057984,60.3397076331566,0.0232813775156739,-0.895834576489517,-110.420422341694,0.444115886287625,1.57770278112134,-2.66195245080434,-183.928126184386,0.109960739664112,-4.22587231500189,-44.1184864408642
0.446325418060201,-0.149751468940661,-2.5248236430912,58.2789147511685,0.0210324646125979,-1.12609890260146,-98.0077423672128,0.446325418060201,1.57137214122912,-3.06164473073198,-177.860995735973,0.100515846615663,-4.30556855922624,-28.0200953288477
0.448534949832776,-0.155187887276071,-2.39844490888482,56.1152168698391,0.0183050749069538,-1.32591020738024,-82.8552868581114,0.448534949832776,1.56417317850356,-3.44750603990667,-171.408758122241,0.0909341586028893,-4.34909630577781,-11.3798780880061
0.450744481605351,-0.160350349402566,-2.27696255685981,53.8468606461756,0.0151731831510209,-1.48941071239718,-65.1403265531276,0.450744481605351,1.55613739296648,-3.8186376413766,-164.528118709684,0.0812969136764512,-4.35577943234266,5.33051808531673
0.452954013377926,-0.165249929504763,-2.16040707585476,51.6555652087045,0.0117232743240428,-1.61171659261918,-45.5671832822673,0.452954013377926,1.54729837611041,-4.17446570348869,-157.556466385431,0.0716856925027075,-4.32574576916383,21.8550273335004
0.455163545150502,-0.169897325554161,-2.04863083069068,49.5208437947294,0.00805090511146333,-1.6890356617076,-24.4196528864701,0.455163545150502,1.53769016375571,-4.51469179340006,-150.405694769521,0.0621811682423503,-4.25996358445119,37.6889769927766
0.457373076923077,-0.17430295932614,-1.94131103036979,47.6217288108819,0.00425931840493159,-1.71879764853596,-2.51997948068247,0.457373076923077,1.52734766618861,-4.83929785338125,-143.417697145604,0.0528606427229905,-4.1602422716909,52.5756790742125
0.459582608695652,-0.178476102358266,-1.83796291422933,45.9257977947273,0.000455429081327659,-1.69972821470011,19.7810427272458,0.459582608695652,1.51630499902771,-5.14853734234799,-136.496348721499,0.043796793280527,-4.02922382479264,66.018177347737
0.461792140468227,-0.182425034237749,-1.73796626602572,44.5880834218842,-0.00325188858531339,-1.6319017948335,41.6133401990076,0.461792140468227,1.50459595250819,-5.44288457765902,-129.937688538746,0.0350552466035975,-3.87034924167142,77.7901942658109
0.464001672240803,-0.186156285727162,-1.64059138451824,43.5526554587195,-0.00675604864948674,-1.51674404268308,62.6239046143594,0.464001672240803,1.49225254621012,-5.72300219076561,-123.616133663279,0.0266934740396559,-3.68781323646543,87.435766701687
0.466211204013378,-0.189674911817562,-1.54501510528647,42.960044125939,-0.00995447689165839,-1.35700759378583,81.9646013124693,0.466211204013378,1.47930564215816,-5.98973395239295,-117.821228711866,0.0187585655690096,-3.48646590968675,94.8176222541188
0.468420735785953,-0.19298380565564,-1.45036827771085,42.7113444916686,-0.0127527514376781,-1.15670956888721,99.3389919507945,0.468420735785953,1.46578353125595,-6.24401875258076,-112.349528137129,0.0112865596367492,-3.27175214674338,99.5346523847027
0.470630267558528,-0.196084181400636,-1.35575773393288,42.9272011515932,-0.0150660499798546,-0.921040884077324,113.981031535634,0.470630267558528,1.4517129265134,-6.48687319100321,-107.474817850452,0.00430048492856809,-3.04958120635397,101.567629236222
0.472839799331104,-0.198974985233719,-1.26029865274441,43.4794143796316,-0.0168228896320974,-0.65620436610451,125.740814748695,0.472839799331104,1.43711762641557,-6.71935158311362,-102.957451099821,-0.00218973350022571,-2.82619579613843,100.633953006865
0.475049331103679,-0.201653521232981,-1.16315356259238,44.4533244547201,-0.0179658587722756,-0.369298042507304,133.957938768491,0.475049331103679,1.42201968488541,-6.94248326649409,-99.0144654391916,-0.00818865388560483,-2.60805181865809,96.8232460141649
0.477258862876254,-0.204115034739583,-1.06356407335533,45.6920090255735,-0.0184548411490368,-0.0681011983570743,138.676153113501,0.477258862876254,1.40643835169979,-7.15723339752878,-95.3707284739939,-0.0137148802159211,-2.40166753730837,89.989438837315
0.479468394648829,-0.206353478457478,-0.960867270272722,47.2659690920409,-0.0182668022953164,0.239139688251135,139.428819552373,0.479468394648829,1.39039141569426,-7.36449133470103,-92.2327626771294,-0.0188017753472956,-2.21344344931847,80.3851991978972
0.481677926421405,-0.208361168265373,-0.854541642171839,48.9767094886483,-0.0173980676704876,0.543903658244342,136.434124602531,0.481677926421405,1.37389419651403,-7.56499355337252,-89.2556604903075,-0.0234962274720566,-2.04954742436728,67.9684266566592
0.48388745819398,-0.210129752276212,-0.744215196940743,50.8873853394616,-0.0158632574670949,0.837634281714716,129.441774641067,0.48388745819398,1.35696122846325,-7.7593248104028,-86.6469985638396,-0.0278588556543742,-1.9157305987347,53.1584358700638
0.486096989966555,-0.211649902511921,-0.629685569138509,52.7813006905562,-0.0136965085519938,1.11199700463571,118.902898494111,0.486096989966555,1.3396052471094,-7.94788696029116,-84.0336426731083,-0.0319619627232544,-1.81718820425194,36.0390997398517
0.48830652173913,-0.2129123728197,-0.510937299823084,54.7059694988493,-0.0109492720415926,1.35905974273848,104.730670544651,0.48830652173913,1.32183901093605,-8.13087698060991,-81.6032787688309,-0.0358891258024614,-1.75842044732267,17.1556609408453
0.490516053511706,-0.213907766907427,-0.388148877375393,56.4383226735808,-0.00769073718717652,1.57154528814449,87.6046903163119,0.490516053511706,1.30367438505428,-8.30827420813608,-78.9712191661238,-0.0397325344190653,-1.7431114733938,-3.29844999788475
0.492725585284281,-0.2146276273738,-0.26168159973254,58.0359557346892,-0.00400451354920027,1.74302417885321,67.6127117026271,0.492725585284281,1.28512421925976,-8.47986090537609,-76.3437659992196,-0.0435920461696695,-1.77400565789658,-24.6660127776559
0.494935117056856,-0.215064154525242,-0.132095127000724,59.26172184592,1.17974199095917e-05,1.86808816583144,45.5913512853085,0.494935117056856,1.26620134085939,-8.64519271523773,-73.3094880645804,-0.0475719781507668,-1.85283401447259,-46.6869838657331
0.497144648829431,-0.215211364134021,-0.000119403202077706,60.1986320957949,0.0042506867635525,1.94250391684927,21.7674909286673,0.497144648829431,1.24692056329105,-8.80364205167649,-70.1139633702114,-0.0517798374182402,-1.98022974739556,-68.6277036207412
0.499354180602007,-0.215064682175579,0.133355575718426,60.6188013325882,0.00859584566517026,1.96334941718154,-2.89878707837397,0.499354180602007,1.22729748720427,-8.95440162158474,-66.3489486181352,-0.0563227392385051,-2.15570662237536,-90.2085504289316
0.501563712374582,-0.214622057370821,0.267299016467085,60.6226692913333,0.0129268525994119,1.92908172742889,-28.1192685820852,0.501563712374582,1.20735049351647,-9.09651610071506,-62.288693885348,-0.0613060419672187,-2.37761320843352,-110.654445806262
0.503773244147157,-0.213883470836255,0.400565876623496,60.0063814519235,0.0171205804024672,1.8396088677911,-52.8688038668624,0.503773244147157,1.18709940451573,-9.22890501246331,-57.5456650421838,-0.066829563092362,-2.64317092909337,-129.720210902426
0.505982775919732,-0.212851931308003,0.531936771621183,58.9065001171621,0.0210562010844032,1.69628252834591,-76.8657772096922,0.505982775919732,1.16656737581424,-9.35041827903643,-52.4443953691516,-0.0729863822635768,-2.94849879693901,-146.653156193148
0.508192307692308,-0.211532808440459,0.660132052023656,57.131913082987,0.0246165606857564,1.50189823809387,-99.0848858807749,0.508192307692308,1.14577931196693,-9.45984572982567,-46.6059574227256,-0.0798591666388353,-3.2886762716018,-161.264999938467
0.510401839464883,-0.20993476582192,0.783866252516518,54.8684682001913,0.0276931848368896,1.26060509163782,-119.326226782086,0.510401839464883,1.12476371640682,-9.5559881313346,-40.4191785832227,-0.0875192516872138,-3.6578379248367,-172.888740520884
0.512611371237458,-0.208068853659689,0.901872644391531,51.9472774158858,0.0301872546910442,0.977822558775241,-136.639798574492,0.512611371237458,1.10355079317786,-9.63767565586494,-33.5218486916856,-0.0960233848665501,-4.04930689140891,-181.456891826321
0.514820903010033,-0.205949333296721,1.01294291104963,48.590101622256,0.032014244859999,0.660102851351647,-150.95027943854,0.514820903010033,1.082174215256,-9.70382625079603,-26.3556291994464,-0.105413396154166,-4.45569249862726,-186.390823479171
0.517030434782609,-0.203592594568151,1.11596023159534,44.657999015486,0.0331042911375021,0.314965080794311,-161.457783519589,0.517030434782609,1.06066896834449,-9.75346869769118,-18.5791823396285,-0.115713373155634,-4.86909567701857,-187.808980771191
0.519239966555184,-0.20101783411944,1.20993993874607,40.4095327731193,0.0334060955665325,-0.0493100989698805,-168.272871893997,0.519239966555184,1.03907301729527,-9.78579953322395,-10.6856926298642,-0.126930239358328,-5.28125365855347,-185.26370969709
0.521449498327759,-0.198245793093017,1.29404424237251,35.7190883857693,0.0328863866767366,-0.423856685164131,-170.755143763555,0.521449498327759,1.01742489836707,-9.80019015820321,-2.34025717352051,-0.139051568670841,-5.68372778158471,-179.043450785277
0.523659030100334,-0.19529937038216,1.3676261169218,30.8849545726334,0.0315330459407554,-0.799499414473441,-169.265066827483,0.523659030100334,0.99576535423161,-9.79624020231563,5.91563539311755,-0.152046993598488,-6.06810594541324,-168.883805658326
0.52586856187291,-0.192202166376332,1.43023475293131,25.7864513664899,0.0293533479598678,-1.1669555738656,-163.344913217185,0.52586856187291,0.974134690409479,-9.77377176855055,14.4220977356599,-0.165866914442327,-6.42620318053473,-155.254764844438
0.528078093645485,-0.188979072124474,1.48164130186058,20.7451709141533,0.0263761951054757,-1.51708777468969,-153.583953948195,0.528078093645485,0.952574435710588,-9.73286953334573,22.601343802904,-0.18044479380732,-6.75022424996519,-138.039111670223
0.53028762541806,-0.18565469931229,1.52184013047875,15.6415686811961,0.0226492406799431,-1.8411455040529,-139.743106006696,0.53028762541806,0.931124521464964,-9.67385896726029,30.8132002357452,-0.19569658434694,-7.03299857697678,-117.919486003178
0.532497157190635,-0.182253963882328,1.551060927884,10.8081957149843,0.0182400561271978,-2.13099724958608,-122.621752585358,0.532497157190635,0.90982503820744,-9.59733272731489,38.4559914502315,-0.211524061431933,-7.26811461607375,-94.9002996321506
0.534706688963211,-0.178800462509571,1.56975198768114,6.11037502396357,0.0132322284194813,-2.37931573080679,-102.148476386085,0.534706688963211,0.888713298279007,-9.50411567585545,45.9212079332792,-0.227814844688807,-7.45010117009127,-69.8283150692514
0.536916220735786,-0.175317130098639,1.57858457212516,1.88460794360435,0.00772570871878644,-2.57981404410038,-79.336411753732,0.536916220735786,0.867825747095374,-9.39526979325407,52.6027272754291,-0.244446531920367,-7.57455932008096,-42.8273629657633
0.539125752508361,-0.171824596973956,1.57842076661939,-2.03287963428011,0.00183186622392998,-2.72736576017424,-54.2228499009537,0.539125752508361,0.847195004038785,-9.27204656049003,58.935141782189,-0.261287303650756,-7.63828760183505,-14.8575117620712
0.541335284280936,-0.168341988429963,1.57030487427632,-5.31337575231737,-0.00432669388629124,-2.81816798040463,-27.9685187477576,0.541335284280936,0.826851984150975,-9.13588627656026,64.3129469031992,-0.278200610209011,-7.63934973588586,13.8961007844046
0.543544816053512,-0.164885319949269,1.55542015637943,-8.15981171812018,-0.0106217971623865,-2.84982154441921,-0.683310936220096,0.543544816053512,0.806822942041396,-8.98834144689121,69.2400813902786,-0.295046075577265,-7.5771605616056,42.3956213371421
0.545754347826087,-0.161468487919514,1.53507055906184,-10.2600160211005,-0.0169202363834187,-2.82141096815696,26.3996881477906,0.545754347826087,0.787131932131652,-8.83107653309523,73.1112672057934,-0.311684564222554,-7.45248492405278,70.4569197308738
0.547963879598662,-0.158101745602485,1.51062874453371,-11.863960498722,-0.0230897915176567,-2.73350325512077,53.1716618796718,0.547963879598662,0.767797853669561,-8.66578942521096,76.5015240070934,-0.32797908002593,-7.26746168320922,97.0204102084972
0.550173411371237,-0.154792923504289,1.48350944722329,-12.6835908395551,-0.0289997609686731,-2.58815506998472,78.3930315455254,0.550173411371237,0.748837257992752,-8.49418430092891,78.8301407483232,-0.343799939212602,-7.02552511033012,121.973112203821
0.552382943143813,-0.151546023085374,1.45511421187584,-13.0189002491825,-0.0345270132366227,-2.38883349861461,102.026706105772,0.552382943143813,0.730261513479537,-8.31790495901748,80.7324816129985,-0.359025321926529,-6.73137648361006,144.281150686656
0.554592474916388,-0.148362681336558,1.42680429811277,-12.6063603734146,-0.0395561679978352,-2.14035404383589,122.889231164603,0.554592474916388,0.712079907416331,-8.13851617771292,81.6447093658207,-0.373546319640007,-6.39084980775253,163.953091594129
0.556802006688963,-0.14524088422552,1.39984004426235,-11.8008504077116,-0.0439853737654533,-1.84870237284402,141.104864427818,0.556802006688963,0.694296893326988,-7.95740929401271,82.2876549007779,-0.387266893334501,-6.0107829263615,180.071724983252
0.559011538461538,-0.142176699227916,1.37536081879998,-10.3569893357126,-0.0477257012595035,-1.52093376545779,155.581167838844,0.559011538461538,0.676915610091318,-7.77581436365031,82.0864741489349,-0.400108351347704,-5.59886490027995,192.783765210901
0.561221070234114,-0.139163077369733,1.35432907102353,-8.68029995562392,-0.0507064767229763,-1.16494360607046,166.650142709284,0.561221070234114,0.659935075538723,-7.59471724459667,81.8370514608396,-0.41200863310955,-5.16347041458847,201.321892010761
0.563430602006689,-0.136191833002019,1.33751331778502,-6.54080113667442,-0.0528736610812456,-0.789266167236956,173.401485872317,0.563430602006689,0.643354071979995,-7.41485159839479,80.9717829124565,-0.422926055223275,-4.71339469274189,206.07276728579
0.565640133779264,-0.133252521025956,1.32544449576516,-4.38352425177072,-0.0541942940700338,-0.402857712761881,176.3635270333,0.565640133779264,0.627168375147556,-7.23665655091668,80.3248770313949,-0.432837423770152,-4.25772280723298,206.387366725146
0.567849665551839,-0.130334609549662,1.31841097253131,-1.98300400651715,-0.0546539149135944,-0.0148765991928972,174.825008370093,0.567849665551839,0.611374826827064,-7.06028794946005,79.3185403167881,-0.441741202866074,-3.80554664559655,202.908545873943
0.570059197324415,-0.127426379159716,1.31642340552806,0.183919668445014,-0.0542600347072029,0.365623384594587,169.591839136025,0.570059197324415,0.595968514051831,-6.88555552046225,78.8438641949615,-0.449654376221077,-3.36573471486412,195.195646327658
0.57226872909699,-0.124517250868311,1.31922702549645,2.35383063972404,-0.0530382019434779,0.729839026344781,160.084924303945,0.57226872909699,0.58094711943848,-6.71198748383719,78.2645682605944,-0.456614598447178,-2.94673178026203,184.072884501147
0.574478260869565,-0.121596631103567,1.3262800848052,4.03038107091561,-0.0510348296720546,1.06951537431714,147.379627406444,0.574478260869565,0.5663078148465,-6.53878355813298,78.5142822216876,-0.46267617120857,-2.55633811941456,169.299414275491
0.57668779264214,-0.118656334894889,1.33678225967634,5.47586364708695,-0.048311945541855,1.37713609133375,131.06915602795,0.57668779264214,0.552051819387105,-6.36486769673748,78.9089904862922,-0.467911219039761,-2.20144566070138,151.938291484723
0.578897324414716,-0.115689305352028,1.34966714731424,6.18713916447814,-0.0449491777741306,1.64611631951167,112.403448907186,0.578897324414716,0.538181060038141,-6.1888904165463,80.3802149240219,-0.472404499474405,-1.88793045457346,131.846001657643
0.581106856187291,-0.112692070006105,1.36364690443722,6.46690573000888,-0.0410376529232237,1.87095039021009,91.1094161161309,0.581106856187291,0.524702719362414,-6.00929836227284,82.180972475544,-0.476254103687346,-1.62041941524733,110.296738850971
0.583316387959866,-0.109663263028172,1.37721998451506,5.81902764855113,-0.0366813291099681,2.04739802881242,68.6055432181547,0.583316387959866,0.511625588713489,-5.82432295554842,85.2530594947748,-0.479565235840179,-1.40217816389843,87.2485094751319
0.585525919732442,-0.106606047378882,1.3887281081033,4.59777081624634,-0.0319900709316857,2.17251564340811,44.6470618347848,0.585525919732442,0.498964666114367,-5.63209801913577,88.743023112911,-0.482450418095236,-1.2349899528771,64.0851016514353
0.587735451505017,-0.103526385271527,1.39637531283066,2.32424299888226,-0.0270808444289141,2.24478152025841,20.7657806029292,0.587735451505017,0.486736989674412,-5.43065314908162,93.5986590068205,-0.485022734919565,-1.11909963925881,40.8152352042816
0.589944983277592,-0.100435376138604,1.39829805147711,-0.583839289534808,-0.0220702387486843,2.26407044344659,-3.30604236553791,0.589944983277592,0.474966264756903,-5.21801938386858,98.8708658511168,-0.487395790514475,-1.05313278264244,18.8959284324228
0.592154515050167,-0.0973472173269893,1.39258903171424,-4.58378928566162,-0.0170757732686265,2.23168119787694,-26.0117035674789,0.592154515050167,0.463678230437269,-4.99225816694624,105.481223333089,-0.489676595607543,-1.03414360730274,-1.70751270072651
0.594364046822742,-0.094281436715179,1.37737441172463,-9.18801538214029,-0.0122082977227485,2.15023482358076,-47.711041954537,0.594364046822742,0.452905158683371,-4.75156436264447,112.387383300462,-0.491965736829957,-1.05760152324487,-19.5258691707568
0.596573578595318,-0.0912605122761139,1.35083900111254,-14.8310197287828,-0.00757374894622767,2.02362957247044,-66.8881257802251,0.596573578595318,0.442680765579871,-4.49427001839837,120.507519990511,-0.49435020394421,-1.11751201163285,-34.7032567749266
0.598783110367893,-0.0883119933299951,1.31130487482453,-20.9540518223148,-0.00326575005015585,1.85686977407939,-84.0576994492375,0.598783110367893,0.433044693883004,-4.21897908385147,128.677341674571,-0.496904093421832,-1.20647969278291,-45.8275436908734
0.600992642140468,-0.0854657727071987,1.2572508471413,-27.9739865558986,0.000631876580498428,1.65595607369023,-97.803184275463,0.600992642140468,0.42403682891267,-3.92454586299797,137.834527046216,-0.499681714372551,-1.31590380380135,-53.2197860435263
0.603202173913043,-0.0827561219442833,1.18738335400756,-35.2679129279131,0.00405202506745918,1.42764678441229,-108.855341401073,0.603202173913043,0.415701876328559,-3.61018012380399,146.719642389973,-0.502719155950135,-1.43611053303582,-55.5876370734186
0.605411705685619,-0.0802186502133853,1.10065001271208,-43.2404320273545,0.00694073844084613,1.17932963261534,-115.913684217001,0.605411705685619,0.408083213536141,-3.27544339295086,156.273720283411,-0.506027978075897,-1.55659747317405,-53.4734243095591
0.607621237458194,-0.077892279597138,0.99629620746812,-51.2174133308308,0.00926355765466534,0.918733623374472,-119.969784376106,0.607621237458194,0.401227483836565,-2.92031721715395,165.175538971176,-0.509597859098312,-1.66622023495752,-45.7537179692881
0.609830769230769,-0.0758159539627913,0.873860024708097,-59.6080423423628,0.0110006807036043,0.653771032011588,-119.866179651752,0.609830769230769,0.395178146181541,-2.54516130085034,174.404023504496,-0.513391111174389,-1.75348255883813,-33.2334457037505
0.612040301003344,-0.0740306366183861,0.733226744105814,-67.6888649461616,0.0121526133891032,0.392264763742551,-116.841227333618,0.612040301003344,0.38998025431545,-2.15080661813001,182.553670080262,-0.517346609951131,-1.80673020911057,-14.9646847176919
0.61424983277592,-0.0725757783875839,0.574599966094478,-75.8952011263118,0.0127341236211061,0.141766967015943,-109.901650805354,0.61424983277592,0.385673595062694,-1.73846375773793,190.686367026312,-0.521375166777392,-1.814464677207,7.96368279280432
0.616459364548495,-0.0714914428551733,0.398543309692119,-83.4658531817349,0.0127790906249499,-0.0907206597567169,-100.538977076355,0.616459364548495,0.382297872499065,-1.30980061818082,197.326283325849,-0.52536484466014,-1.76553418988229,36.3266849059728
0.61866889632107,-0.0708145901765598,0.20595593047493,-90.8583014718315,0.0123332232607832,-0.298892463648151,-87.8917180376666,0.61866889632107,0.379885502899476,-0.86688473736163,203.587508742392,-0.529177174553618,-1.64943178519199,68.7656302454707
0.620878428093645,-0.070581310510904,-0.00190656950947954,-97.2924212870839,0.0114582658349221,-0.477440896077693,-73.7248150628648,0.620878428093645,0.378467053758343,-0.41222385328642,207.95749795853,-0.532653788532294,-1.45646406286996,105.902799253599
0.623087959866221,-0.0708230154283754,-0.223461946802546,-103.252671608176,0.0102233816019622,-0.622187010594263,-57.2949026104995,0.623087959866221,0.378063859496976,0.0512876054031892,211.59877585723,-0.535613381798668,-1.17802685653648,146.129970575246
0.625297491638796,-0.0715688030537474,-0.456765763305668,-107.926746039395,0.00870878189813884,-0.730350062673575,-40.6109554738548,0.625297491638796,0.378693696945698,0.520279537609113,212.918253521653,-0.537859564069223,-0.806758457098582,189.930731557295
0.627507023411371,-0.0728414923616724,-0.699575873045227,-111.857474991797,0.00699591826480306,-0.800662789497912,-23.0339558119299,0.627507023411371,0.380363007834913,0.991020943815712,213.182345754118,-0.539178498686174,-0.336776684987484,235.482270368724
0.629716555183946,-0.0746602732913884,-0.949324725697288,-114.207482074626,0.00517060215311011,-0.833579036025575,-6.76081513114525,0.629716555183946,0.383073081470995,1.45933410492292,210.720280965164,-0.539347801640708,0.236174966216197,283.135889655197
0.631926086956522,-0.0770366186495112,-1.20319794013518,-115.590720050337,0.00331227953470075,-0.831274887326838,8.84645945392515,0.631926086956522,0.386811897978172,1.9207284752452,206.919669769311,-0.538134826502691,0.91446341920296,330.829893870265
0.634135618729097,-0.07997728144624,-1.45818416644259,-115.214946084281,0.00149714560252499,-0.797710405056814,21.5350744860957,0.634135618729097,0.391560902656083,2.37046062827912,200.164001636556,-0.535306729681534,1.69849205342955,378.848639797332
0.636345150501672,-0.0834804271415534,-1.71120709720996,-113.813605492021,-0.000212853435873061,-0.738397643009797,32.1530080146479,0.636345150501672,0.397287114125815,2.80377227921966,192.056337820715,-0.530629082187653,2.58642019910674,424.876526500957
0.638554682274247,-0.0875392143477233,-1.95924002302031,-110.698147530889,-0.00176588050352466,-0.660173955825467,38.6526605484785,0.638554682274247,0.403950950524086,3.21608015336714,181.152030816535,-0.523877174467221,3.57410018465224,469.140928060762
0.640764214046823,-0.0921384333034822,-2.19956615143013,-106.837650227488,-0.00313020409751918,-0.57061767239281,42.4109245460936,0.640764214046823,0.411499176689842,3.6034612020071,169.493344324146,-0.51483490635494,4.65501579188334,509.270535080388
0.642973745819398,-0.0972592369426552,-2.42994636952931,-101.695416333194,-0.00428747625781436,-0.477477297007989,41.8968700200498,0.642973745819398,0.41987487455824,3.96295500451517,155.90935589507,-0.503306363879209,5.82033331580617,545.538939385457
0.645183277591973,-0.10287652072174,-2.64891147988757,-96.5050468382797,-0.00524020661436418,-0.387788946306447,39.2862582922514,0.645183277591973,0.429011726681366,4.29311734229357,142.943407279803,-0.489114483578436,7.05907106290122,575.728256198927
0.647392809364548,-0.108964945097757,-2.855941670077,-90.8922947696592,-0.0060011402536495,-0.30713838530352,33.7161415862777,0.647392809364548,0.438846432900623,4.59432953067395,129.704573725976,-0.472111880282515,8.35871256975192,600.667143932325
0.649602341137124,-0.115497108443054,-3.0516116583025,-86.2221424646559,-0.00659747065617536,-0.238872389819367,28.076131628774,0.649602341137124,0.449314360824776,4.86906699793114,118.979306422072,-0.452176801577055,9.70570016709355,618.58447675989
0.651811872909699,-0.122450210930918,-3.23752249626504,-82.0586130058582,-0.00705673252344325,-0.183783488900466,21.7886420781851,0.651811872909699,0.460363149370076,5.12171299574018,109.708057068128,-0.429221774493951,11.0864878791082,631.261965054669
0.654021404682274,-0.129803926082903,-3.41613505467123,-79.6159649505462,-0.00740962157217598,-0.140081534892749,17.7690185539425,0.654021404682274,0.471947536012975,5.35818143472024,104.335879221995,-0.403184907146734,12.4886589372792,637.940022058407
0.656230936454849,-0.137546328816326,-3.59025066858632,-77.9881175760966,-0.00767576172763652,-0.104188766766242,14.7200079194567,0.656230936454849,0.48404129361655,5.58484696972026,100.834770789384,-0.374033597056402,13.9019659662986,641.341902339613
0.658440468227425,-0.145669471930405,-3.76245413636132,-77.8851492511967,-0.00787003835320686,-0.0719050971741662,14.5021738955152,0.658440468227425,0.49662732966211,5.80740366599747,100.616685161222,-0.341751236139141,15.319210329408,641.503975416315
0.66065,-0.154172852730621,-3.76245413636132,-77.8851492511967,-0.00799351492126938,-0.0719050971741662,14.5021738955152,0.66065,0.509704579448933,5.80740366599747,100.616685161222,-0.306337033149223,15.319210329408,641.503975416315
